{
    "type": "origins:exposed_to_sky",
    "entity_action" : {
        "action": {
            "type": "origins:apply_effect",
            "effects": [
                {
                    "effect": "minecraft:slowness",
                    "amplifier": 0,
                    "duration": 9999,
                    "show_icon": true,
                    "show_particles": true
                }, 
                {
                    "effect": "minecraft:regeneration",
                    "amplifier": 0,
                    "duration": 9999,
                    "show_icon": true,
                    "show_particles": true
                }
            ]
        }
    }
}