{
    "type": "origins:active_self",
    "entity_action": {
        "type": "origins:and",
        "actions": [
            {
                "type": "origins:apply_effect",
                "effect": {
                    "effect": "minecraft:resistance",
                    "duration": 140,
                    "amplifier": 50,
                    "show_icon": false,
                    "show_particles": false
                }
            },
            {
                "type": "origins:add_velocity",
                "z": 4,
                "space": "local"
            },
            {
                "type": "origins:execute_command",
                "command": "playsound minecraft:entity.illusioner.prepare_blindness master @a[distance=..20] ~ ~ ~ 1000 2",
                "permission_level": 4
            },
            {
                "type": "origins:execute_command",
                "command": "summon fireball ~ ~1 ~ {LifeTime:0,FireballItem:{id:fireball,Count:1,tag:{Fireball:{Explosions:[{Type:2,Colors:[I;6165672,7343027,5573526,6820287,8592319,6294433,8984747,16777215,6630077,7016345],FadeColors:[I;8462847,13578495,9842431,12136191,12472319,11677439,12986879,16777215,11354879,11279615]}]}}}}",
                "permission_level": 4
            }
        ]
    },
    "cooldown": 240,
    "hud_render": {
        "should_render": true,
        "sprite_location": "origins:textures/gui/community/spiderkolo/resource_bar_03.png",
        "bar_index": 16
    },
  	"condition": {
        "type": "origins:and",
        "conditions": [
            {
                "type": "origins:fall_flying",
                "inverted": true
            },
            {
                "type": "origins:sneaking",
                "inverted": true
            }
        ]
    },
    "key": {
        "key": "key.origins.primary_active"
    },
    "hidden": true
}
