{
	"powers": [
		"origins:fall_immunity",
		"origins:climbing",
		"cyborg:enhanced_vision",
		"origins:natural_armor",
		"cyborg:slowness",
		"cyborg:description/effects",
		"origins:no_cobweb_slowdown",
		"cyborg:cooldown",
		"cyborg:cooldown2",
		"cyborg:raycastlightning",
		"cyborg:velocity",
		"origins:strong_arms",
		"origins:hunger_over_time",
		"origins:water_vulnerability",
		"origins:damage_from_snowballs",
		"cyborg:full_fire_immunity",
		"cyborg:lava_swimming",
		"cyborg:speed_in_lava"

	],
	"icon": "minecraft:redstone",
	"order": 20,
	"impact": 2,
	"name": "Cyborg",
	"description": "An Enhanced Human With Technical Advancements"
}
